time	memoryBytes	peakBytes	cpuUsec
2026-09-25T20:12:33Z	1949696	2478080	36207
2026-09-25T20:12:35Z	106471424	107372544	1656575
2026-09-25T20:12:37Z	171937792	171978752	3316251
2026-09-25T20:12:39Z	512131072	512266240	4966494
2026-09-25T20:12:41Z	560140288	640393216	6563703
2026-09-25T20:12:43Z	736407552	813142016	8221733
2026-09-25T20:12:45Z	336936960	813142016	9838272
2026-09-25T20:12:47Z	753598464	813142016	11487397
2026-09-25T20:12:49Z	763617280	813142016	13089574
2026-09-25T20:12:51Z	446246912	870154240	14770631
2026-09-25T20:12:53Z	782786560	870154240	16385998
2026-09-25T20:12:55Z	790540288	870154240	18073975
2026-09-25T20:12:57Z	31940608	884490240	19713176
2026-09-25T20:12:59Z	114450432	884490240	21387383
2026-09-25T20:13:01Z	177303552	884490240	23024164
2026-09-25T20:13:03Z	486617088	884490240	24707379
2026-09-25T20:13:05Z	657547264	884490240	26303436
2026-09-25T20:13:07Z	664973312	884490240	27945749
2026-09-25T20:13:09Z	734195712	884490240	29539491
2026-09-25T20:13:11Z	86392832	884490240	31133397
2026-09-25T20:13:14Z	156438528	884490240	32800274
2026-09-25T20:13:16Z	490221568	884490240	34430909
2026-09-25T20:13:18Z	561606656	884490240	36016987
2026-09-25T20:13:20Z	675856384	884490240	37708779
2026-09-25T20:13:22Z	331825152	884490240	39370899
2026-09-25T20:13:24Z	719204352	884490240	40967514
2026-09-25T20:13:26Z	642060288	884490240	42655102
2026-09-25T20:13:28Z	745988096	884490240	44280537
2026-09-25T20:13:30Z	89092096	884490240	45881054
2026-09-25T20:13:32Z	152600576	884490240	47514786
2026-09-25T20:13:34Z	487723008	884490240	49164893
2026-09-25T20:13:36Z	657997824	884490240	50807639
2026-09-25T20:13:38Z	628887552	884490240	52442669
2026-09-25T20:13:40Z	478052352	884490240	54042082
2026-09-25T20:13:42Z	622792704	884490240	55689791
2026-09-25T20:13:44Z	735367168	884490240	57359895
2026-09-25T20:13:46Z	690728960	884490240	58977312
